{"cameraMode":{"drawMode":0,"name":"Shaded","section":"Shading Mode"},"sceneLighting":true,"audioPlay":false,"sceneViewState":{"m_AlwaysRefresh":false,"showFog":true,"showSkybox":true,"showFlares":true,"showImageEffects":true,"showParticleSystems":true,"showVisualEffectGraphs":true,"m_FxEnabled":true},"in2DMode":false,"pivot":{"x":0.15506969392299653,"y":0.6587639451026917,"z":-4.399912357330322},"rotation":{"x":0.1908586025238037,"y":-0.09030962735414505,"z":0.017392700538039209,"w":0.9773949980735779},"size":1.3265888690948487,"orthographic":true}