{"cameraMode":{"drawMode":0,"name":"Shaded","section":"Shading Mode"},"sceneLighting":true,"audioPlay":false,"sceneViewState":{"m_AlwaysRefresh":false,"showFog":true,"showSkybox":true,"showFlares":true,"showImageEffects":true,"showParticleSystems":true,"showVisualEffectGraphs":true,"m_FxEnabled":true},"in2DMode":false,"pivot":{"x":0.409562349319458,"y":0.5370501279830933,"z":-5.9032440185546879},"rotation":{"x":0.07216093689203263,"y":0.5839390754699707,"z":-0.05245771259069443,"w":0.8069844245910645},"size":0.6793482303619385,"orthographic":true}