{"cameraMode":{"drawMode":0,"name":"Shaded","section":"Shading Mode"},"sceneLighting":true,"audioPlay":false,"sceneViewState":{"m_AlwaysRefresh":false,"showFog":true,"showSkybox":true,"showFlares":true,"showImageEffects":true,"showParticleSystems":true,"showVisualEffectGraphs":true,"m_FxEnabled":true},"in2DMode":false,"pivot":{"x":-0.3851712942123413,"y":0.7531226873397827,"z":-5.8267927169799809},"rotation":{"x":0.1904352754354477,"y":0.34296536445617678,"z":-0.0714847594499588,"w":0.9171401262283325},"size":1.404462218284607,"orthographic":true}